Company,Industry,Job Site
Nokia,,
IBM,,
Apple,,
Amazon,,
Google,,
Walgreens,,
Dell,,
NXP SemiConductors,,
Infineon,,
Arm,,
StateFarm,,
Atlassian,,
Charles Schwab,,
CitiGroup,,
EdwardJones,,
BNY Mellon,,
UBS,,
BNP Paribas,,
Citizens Financial Group,,
Regions Financial,,
Ally Financial,,
Capgemini,Global Technology & Strategy Consultancies,
EY,Global Technology & Strategy Consultancies,Custom
Tata Consultancy Services (TCS),Global Technology & Strategy Consultancies,
KPMG,Global Technology & Strategy Consultancies,Custom
Wipro,Global Technology & Strategy Consultancies,Custom
HCL,Global Technology & Strategy Consultancies,Custom
McKinsey & Company,Strategy-Led Consultancies,Custom
Boston Consulting Group (BCG),Strategy-Led Consultancies,Custom
Bain & Company,Strategy-Led Consultancies,Custom
Oliver Wyman,Strategy-Led Consultancies,Custom
Kearney,Strategy-Led Consultancies,Custom
OC&C Strategy Consultants,Strategy-Led Consultancies,Custom
L.E.K. Consulting,Strategy-Led Consultancies,Custom
Slalom,Specialized IT & Engineering Consultancies,Custom
Publicis Sapient,Specialized IT & Engineering Consultancies,Custom
Argano,Specialized IT & Engineering Consultancies,Oracle
Persistent Systems,Specialized IT & Engineering Consultancies,Custom
Zensar Technologies,Specialized IT & Engineering Consultancies,Custom
Infosys,Specialized IT & Engineering Consultancies,Custom
The Hackett Group,Specialized IT & Engineering Consultancies,Custom
N-iX,Specialized IT & Engineering Consultancies,Custom